{
  "project_info": {
    "project_number": "850293091742",
    "project_id": "graduate-simulation",
    "storage_bucket": "graduate-simulation.appspot.com"
  },
  "client": [
    {
      "client_info": {
        "mobilesdk_app_id": "1:850293091742:android:68aea486aa7b6110b47a8f",
        "android_client_info": {
          "package_name": "com.sample.graduate_simulation_test"
        }
      },
      "oauth_client": [
        {
          "client_id": "850293091742-10u0qknv77a6nunvmggn2bcvjnsldeuu.apps.googleusercontent.com",
          "client_type": 3
        }
      ],
      "api_key": [
        {
          "current_key": "AIzaSyBh1osqHeetmBXc2TPkDEK1Mo0N0Plr6b4"
        }
      ],
      "services": {
        "appinvite_service": {
          "other_platform_oauth_client": [
            {
              "client_id": "850293091742-10u0qknv77a6nunvmggn2bcvjnsldeuu.apps.googleusercontent.com",
              "client_type": 3
            }
          ]
        }
      }
    },
    {
      "client_info": {
        "mobilesdk_app_id": "1:850293091742:android:40a7f80480b3dcc4b47a8f",
        "android_client_info": {
          "package_name": "com.sample.gs_gram"
        }
      },
      "oauth_client": [
        {
          "client_id": "850293091742-10u0qknv77a6nunvmggn2bcvjnsldeuu.apps.googleusercontent.com",
          "client_type": 3
        }
      ],
      "api_key": [
        {
          "current_key": "AIzaSyBh1osqHeetmBXc2TPkDEK1Mo0N0Plr6b4"
        }
      ],
      "services": {
        "appinvite_service": {
          "other_platform_oauth_client": [
            {
              "client_id": "850293091742-10u0qknv77a6nunvmggn2bcvjnsldeuu.apps.googleusercontent.com",
              "client_type": 3
            }
          ]
        }
      }
    }
  ],
  "configuration_version": "1"
}